technique,scenario,template,answer,tip
评价判断法,你试图推开那扇门却发现徒劳无功,"I tried to push the door open. _____, however, turned out to be _____.","I tried to push the door open. This attempt, however, turned out to be useless.","评价句瞬间调整叙事方向，从『尝试』直接切换到『困境』"
评价判断法,那个决定看似微不足道却改变了一切,"That decision _____ change _____.","That decision would change everything.","预示重大影响，为后文埋下伏笔"
评价判断法,这段经历其实是因祸得福,"This experience turned out to be _____","This experience turned out to be a blessing in disguise.","用评价句收束情节，赋予事件更深含义"
评价判断法,当时我完全不知道那竟是我们友谊的开始,"Little did I know, that was _____","Little did I know, that was the start of our friendship.","Little did I know 制造悬念，预示关系转变"
环境同步法,她正要放弃时一缕阳光穿透云层照在前路,"Just as she was about to give up hope, a single ray of sunlight _____","Just as she was about to give up hope, a single ray of sunlight broke through the thick clouds, falling on the path ahead.","阳光 = 希望具象化，环境变化直接给予人物行动动力"
环境同步法,老人温柔的声音在渐小的雨中反而让我更愧疚,"His gentle voice, strangely clear in the fading rain, somehow _____","His gentle voice, strangely clear in the fading rain, somehow made me feel worse.","环境（fading rain）与人物内心形成反差，环境不总是安慰"
环境同步法,蒸汽从我们之间的两杯热茶中升起温暖渐渐回到身体,"Steam rose from two cups of hot tea between us. The warmth _____","Steam rose from two cups of hot tea between us. The warmth was seeping back into our bones.","热茶蒸汽 = 关系回暖的象征，环境外化人物关系变化"
动作中断法,他伸手去拿最后一块面包却看到了墙上哥哥的照片,"He reached for the last piece of bread. But his eyes caught the photo on the wall — _____. His hand _____","He reached for the last piece of bread. But his eyes caught the photo on the wall — his brother's smiling face. His hand hung in the air, then slowly withdrew.","从『拿食物』转向『回忆与愧疚』，一个发现彻底扭转情节方向"
动作中断法,她正要推门出去突然听到了熟悉的脚步声,"She was about to push the door open when _____","She was about to push the door open when she heard familiar footsteps approaching.","在连贯动作中插入听觉干扰，制造悬念——来者是谁？"
内心矛盾法,一部分的我想逃走但责任让我留在原地,"A part of me screamed to run away, to safety. But a stronger part, rooted in _____, kept _____","A part of me screamed to run away, to safety. But a stronger part, rooted in responsibility, kept my feet firmly on the ground.","将内心斗争写成两个声音，使心理活动成为推动行动的情节本身"
内心矛盾法,他犹豫了很久但同情心最终战胜了顾虑,"Though his concerns regarding the matter created internal conflict, _____","Though his concerns regarding the matter created internal conflict, his compassion compelled him to act.","Though...compelled... 万能犹豫→决心句式"
时间压力法,他看表发现只剩十分钟赶到车站,"Looking at his watch, he realized he had only ten minutes to get to the station. If he missed this train, _____. He started to run.","Looking at his watch, he realized he had only ten minutes to get to the station. If he missed this train, the meeting would be over. He started to run.","时间限制制造紧迫感，直接触发『奔跑』的行动"
时间压力法,她意识到再等下去就来不及了每一秒的拖延都像是一次失败,"This couldn't wait; every moment of delay _____","This couldn't wait; every moment of delay felt like a failure on my part.","把时间压力内化为情感压力：拖延 = 失败"
万能衔接,瞥见街角咖啡馆的招牌在夜色中微微发光,"Seeing a 'Cafe Open' sign _____, I knew we needed a dry place to properly address what had happened.","Seeing a 'Cafe Open' sign glowing faintly down the street, I knew we needed a dry place to properly address what had happened.","衔接句：用环境细节自然过渡到下一段的场景，承上启下"
万能衔接,经过长时间的思考他的决心超过了残留的焦虑,"After prolonged contemplation, his determination _____ and he resolved to act.","After prolonged contemplation, his determination outweighed any lingering anxiety and he resolved to act.","outweighed 精准表达决心 > 焦虑的内心博弈"
搜寻找灵感,他环顾四周一个想法开始在脑海中浮现,"As he scanned the surroundings, _____","As he scanned the surroundings, a glimmer of an idea began to form.","glimmer of an idea 用光线比喻灵感，画面感极强"
搜寻找灵感,凭借过去的经验他意识到可能有一个办法,"Drawing upon his past experience, he realized _____","Drawing upon his past experience, he realized there might be a way.","Drawing upon 高级表达『借鉴/凭借』"
尝试与成功,他用颤抖的双手尝试了那个方法祈祷它能奏效,"With trembling hands, he tried the method, _____","With trembling hands, he tried the method, praying it would work.","praying 用现在分词作伴随状语，体现高级语法"
尝试与成功,令他欣慰的是计划完美奏效了,"To his relief, _____","To his relief, the plan worked perfectly.","To one's relief 标准七字开头，简洁有力"
主题升华,那次碰撞没有制造废墟而是为善良打开了一扇窗,"Sometimes, a collision doesn't create wreckage, but _____","Sometimes, a collision doesn't create wreckage, but an opening for kindness to shine through.","双关：collision = 车祸 / 人际冲撞，升华呼应事件本身"
主题升华,困境结束了留下的不是恐惧而是对人性的深刻感悟,"The crisis was over, but it left behind not fear or guilt, but _____","The crisis was over, but it left behind not fear or guilt, but a profound sense of human grace.","not...but... 对比结构强力收束全文"
主题升华,只有如此我们才能真正发挥潜力拥抱更美好的未来,"Only in this way can we truly _____","Only in this way can we truly live up to our potential and embrace a better future.","倒装句升华，Only in this way can we... 高考满分句标配"
动作描写,我跪在冰冷潮湿的人行道上膝盖陷入积水,"I knelt down, my knees _____","I knelt down, my knees sinking into the cold wet pavement.","独立主格结构 my knees sinking... 生动刻画身体感受"
动作描写,一阵颤抖穿过我的双手当我伸出手去帮他,"A tremor _____ as I reached out to help him.","A tremor ran through my hands as I reached out to help him.","ran through 精准动词替代简单词 moved/went"